{"cameraMode":{"drawMode":0,"name":"Shaded","section":"Shading Mode"},"sceneLighting":false,"audioPlay":false,"sceneViewState":{"m_AlwaysRefresh":false,"showFog":false,"showSkybox":false,"showFlares":false,"showImageEffects":false,"showParticleSystems":false,"showVisualEffectGraphs":true,"m_FxEnabled":true},"in2DMode":false,"pivot":{"x":0.07666376233100891,"y":1.4633229970932007,"z":-2.6557254791259767},"rotation":{"x":0.07132615894079209,"y":-0.12979280948638917,"z":0.009361271746456623,"w":0.988929033279419},"size":1.2247449159622193,"orthographic":true}