{"cameraMode":{"drawMode":0,"name":"Shaded","section":"Shading Mode"},"sceneLighting":false,"audioPlay":false,"sceneViewState":{"m_AlwaysRefresh":false,"showFog":false,"showSkybox":false,"showFlares":false,"showImageEffects":false,"showParticleSystems":false,"showVisualEffectGraphs":true,"m_FxEnabled":true},"in2DMode":false,"pivot":{"x":-0.12487131357192993,"y":1.254538893699646,"z":0.008000001311302185},"rotation":{"x":0.06917696446180344,"y":-0.5881980061531067,"z":0.050596967339515689,"w":0.8041813373565674},"size":3.130721092224121,"orthographic":false}