{"cameraMode":{"drawMode":0,"name":"Shaded","section":"Shading Mode"},"sceneLighting":false,"audioPlay":false,"sceneViewState":{"m_AlwaysRefresh":false,"showFog":false,"showSkybox":false,"showFlares":false,"showImageEffects":false,"showParticleSystems":false,"showVisualEffectGraphs":true,"m_FxEnabled":true},"in2DMode":false,"pivot":{"x":0.4440000057220459,"y":-0.4010000228881836,"z":1.8569999933242798},"rotation":{"x":0.09261167049407959,"y":0.6899731159210205,"z":-0.08972812443971634,"w":0.7122792601585388},"size":0.1857658475637436,"orthographic":false}