{"cameraMode":{"drawMode":0,"name":"Shaded","section":"Shading Mode"},"sceneLighting":false,"audioPlay":false,"sceneViewState":{"m_AlwaysRefresh":false,"showFog":false,"showSkybox":false,"showFlares":false,"showImageEffects":false,"showParticleSystems":false,"showVisualEffectGraphs":true,"m_FxEnabled":true},"in2DMode":false,"pivot":{"x":-14.586012840270996,"y":37.88064193725586,"z":-118.57707214355469},"rotation":{"x":0.10331122577190399,"y":-0.00895172730088234,"z":0.0009298293734900653,"w":0.9946086406707764},"size":0.8660253882408142,"orthographic":false}