{"cameraMode":{"drawMode":0,"name":"Shaded","section":"Shading Mode"},"sceneLighting":true,"audioPlay":false,"sceneViewState":{"m_AlwaysRefresh":false,"showFog":false,"showSkybox":false,"showFlares":false,"showImageEffects":false,"showParticleSystems":false,"showVisualEffectGraphs":true,"m_FxEnabled":true},"in2DMode":false,"pivot":{"x":0.6779541969299316,"y":0.5271314978599548,"z":-2.5016181468963625},"rotation":{"x":0.07103795558214188,"y":-0.012561137787997723,"z":-0.0008979131234809756,"w":-0.9974045157432556},"size":4.8723530769348148,"orthographic":false}